input,target
nabilhamedsalah,Nabil Hamed Salah
yasinsalahnasr,Yasin Salah Nasr
abdelsaadsalah,Abdel Saad Salah
waelfathinasser,Wael Fathi Nasser
muhammadziadyoussef,Muhammad Ziad Youssef
tamersaadmahmoud,Tamer Saad Mahmoud
mansourrashadomar,Mansour Rashad Omar
hamedwaelmostafa,Hamed Wael Mostafa
muhammadismailehab,Muhammad Ismail Ehab
hassanfahadfathi,Hassan Fahad Fathi
kareemtahawael,Kareem Taha Wael
salemsalahsalem,Salem Salah Salem
mustafaomaramr,Mustafa Omar Amr
tarekamrhamed,Tarek Amr Hamed
ahmedziadehab,Ahmed Ziad Ehab
aliomaryoussef,Ali Omar Youssef
waeladeltaha,Wael Adel Taha
abdulnaseribrahim,Abdul Naser Ibrahim
tarekkareemtamer,Tarek Kareem Tamer
mustafakareemyoussef,Mustafa Kareem Youssef
amrkareemsami,Amr Kareem Sami
mohamedhamedanwar,Mohamed Hamed Anwar
tahaadelfathi,Taha Adel Fathi
mustafasamifathi,Mustafa Sami Fathi
kareemsaadadel,Kareem Saad Adel
salemmansouramr,Salem Mansour Amr
bilalmustafaali,Bilal Mustafa Ali
mohamedmohsennasr,Mohamed Mohsen Nasr
amrmustafasalah,Amr Mustafa Salah
anasrashadnasr,Anas Rashad Nasr
saidmustafaismail,Said Mustafa Ismail
adelkhaledashraf,Adel Khaled Ashraf
yasinfathitaha,Yasin Fathi Taha
fathimansournasr,Fathi Mansour Nasr
ahmedadeladel,Ahmed Adel Adel
muhammadtarekmostafa,Muhammad Tarek Mostafa
fathinaserhassan,Fathi Naser Hassan
khaledmohsenrami,Khaled Mohsen Rami
yousseffathisami,Youssef Fathi Sami
salemhamzaamr,Salem Hamza Amr
salemtahataha,Salem Taha Taha
ahmadziadfathi,Ahmad Ziad Fathi
fahadadelmahmoud,Fahad Adel Mahmoud
mansoursamimostafa,Mansour Sami Mostafa
samimohsenhussein,Sami Mohsen Hussein
shadyhamedashraf,Shady Hamed Ashraf
yasinwaelehab,Yasin Wael Ehab
ibrahimsalahnasser,Ibrahim Salah Nasser
salemtarekadel,Salem Tarek Adel
khaledyousseframi,Khaled Youssef Rami
mansourhusseinadel,Mansour Hussein Adel
samiramiismail,Sami Rami Ismail
ashrafkhaledadel,Ashraf Khaled Adel
mustafakareemfathi,Mustafa Kareem Fathi
omarfahadmansour,Omar Fahad Mansour
alisalahyoussef,Ali Salah Youssef
ahmadkhaledmostafa,Ahmad Khaled Mostafa
shadyfahadmohsen,Shady Fahad Mohsen
mansoursaadali,Mansour Saad Ali
husseinfathiismail,Hussein Fathi Ismail
yasinfathihamed,Yasin Fathi Hamed
salemwaelnasr,Salem Wael Nasr
yasinamrrami,Yasin Amr Rami
tamermustafamohsen,Tamer Mustafa Mohsen
fathimahmoudmostafa,Fathi Mahmoud Mostafa
samifathisalem,Sami Fathi Salem
mohamedfathianwar,Mohamed Fathi Anwar
faisalmohsennasr,Faisal Mohsen Nasr
amrhusseinfahmy,Amr Hussein Fahmy
khaledfathimostafa,Khaled Fathi Mostafa
youssefkareemehab,Youssef Kareem Ehab
husseinfahadhassan,Hussein Fahad Hassan
tahafathiibrahim,Taha Fathi Ibrahim
shadyyousseframi,Shady Youssef Rami
youssefismailali,Youssef Ismail Ali
mansourabdullahsalah,Mansour Abdullah Salah
ahmadmohsenhussein,Ahmad Mohsen Hussein
faisalhamedtamer,Faisal Hamed Tamer
fahadmansourabdullah,Fahad Mansour Abdullah
ziadmahmoudali,Ziad Mahmoud Ali
samisaminasr,Sami Sami Nasr
tahahusseinrami,Taha Hussein Rami
muhammadbilalismail,Muhammad Bilal Ismail
muhammadramiali,Muhammad Rami Ali
fahadsaadali,Fahad Saad Ali
khaledamrmahmoud,Khaled Amr Mahmoud
raminasseradel,Rami Nasser Adel
hamedhusseinsami,Hamed Hussein Sami
ismailramianwar,Ismail Rami Anwar
ismailabdullahanwar,Ismail Abdullah Anwar
ziadsalahmansour,Ziad Salah Mansour
hassanismailwael,Hassan Ismail Wael
muhammadfathifathi,Muhammad Fathi Fathi
osamaadeltamer,Osama Adel Tamer
alihassannasser,Ali Hassan Nasser
youssefsamihussein,Youssef Sami Hussein
amrtarekmostafa,Amr Tarek Mostafa
ashraframiashraf,Ashraf Rami Ashraf
aliibrahimmostafa,Ali Ibrahim Mostafa
fahadtahahussein,Fahad Taha Hussein
fahadsaadtaha,Fahad Saad Taha
fahadtahamansour,Fahad Taha Mansour
faisalsalahmohsen,Faisal Salah Mohsen
fahadmahmoudamr,Fahad Mahmoud Amr
hassankareemmostafa,Hassan Kareem Mostafa
yasinmansouramr,Yasin Mansour Amr
hamedziadsalah,Hamed Ziad Salah
fahadnasserabdullah,Fahad Nasser Abdullah
yasinnabiltaha,Yasin Nabil Taha
abdelismailamr,Abdel Ismail Amr
abdulyoussefmahmoud,Abdul Youssef Mahmoud
ahmadtarekabdullah,Ahmad Tarek Abdullah
tamertahaashraf,Tamer Taha Ashraf
faisalismailwael,Faisal Ismail Wael
abdelnaserali,Abdel Naser Ali
fahadnabilhassan,Fahad Nabil Hassan
anastarekwael,Anas Tarek Wael
samikhaledhamed,Sami Khaled Hamed
amryoussefibrahim,Amr Youssef Ibrahim
salemkareemmahmoud,Salem Kareem Mahmoud
tareksaadfathi,Tarek Saad Fathi
shadytameramr,Shady Tamer Amr
tarekabdullahali,Tarek Abdullah Ali
abdulhassanwael,Abdul Hassan Wael
tamerwaelali,Tamer Wael Ali
shadyhamedfahmy,Shady Hamed Fahmy
ashrafmohsenfathi,Ashraf Mohsen Fathi
omarkareemmohsen,Omar Kareem Mohsen
yasinmohsenhassan,Yasin Mohsen Hassan
mohamedabdullahibrahim,Mohamed Abdullah Ibrahim
alirashadibrahim,Ali Rashad Ibrahim
bilalhamzataha,Bilal Hamza Taha
nabilabdullahamr,Nabil Abdullah Amr
nabilfahadtamer,Nabil Fahad Tamer
mustafaziadnasser,Mustafa Ziad Nasser
nabilziadmohsen,Nabil Ziad Mohsen
ehabomaranwar,Ehab Omar Anwar
husseinfathifahmy,Hussein Fathi Fahmy
husseinmahmoudsami,Hussein Mahmoud Sami
anastamerehab,Anas Tamer Ehab
abdulnabilmohsen,Abdul Nabil Mohsen
hamedhamzaibrahim,Hamed Hamza Ibrahim
ehabhamzahassan,Ehab Hamza Hassan
muhammadamromar,Muhammad Amr Omar
aliadelyoussef,Ali Adel Youssef
shadymansourmostafa,Shady Mansour Mostafa
yousseffathiashraf,Youssef Fathi Ashraf
ismailtamerfathi,Ismail Tamer Fathi
kareemziadmohsen,Kareem Ziad Mohsen
osamahamedtamer,Osama Hamed Tamer
alitahatamer,Ali Taha Tamer
tamersamiismail,Tamer Sami Ismail
nabilismailtaha,Nabil Ismail Taha
ehabtamernasser,Ehab Tamer Nasser
husseinsalahhassan,Hussein Salah Hassan
ehabhamedhamed,Ehab Hamed Hamed
tamersaadfathi,Tamer Saad Fathi
hassanbilalfathi,Hassan Bilal Fathi
fathifathisalem,Fathi Fathi Salem
tarekhassanmansour,Tarek Hassan Mansour
ahmadhassannasser,Ahmad Hassan Nasser
saidomarashraf,Said Omar Ashraf
fathiwaelwael,Fathi Wael Wael
khaledmansouramr,Khaled Mansour Amr
aliadelamr,Ali Adel Amr
ahmadmansoursalem,Ahmad Mansour Salem
fahadfathinasr,Fahad Fathi Nasr
ehabmustafamansour,Ehab Mustafa Mansour
adelamrmansour,Adel Amr Mansour
osamayousseftaha,Osama Youssef Taha
tahakareemmansour,Taha Kareem Mansour
nabilramiabdullah,Nabil Rami Abdullah
omaryoussefashraf,Omar Youssef Ashraf
ismailibrahimrami,Ismail Ibrahim Rami
anasamromar,Anas Amr Omar
ahmadwaelfathi,Ahmad Wael Fathi
tareknassermahmoud,Tarek Nasser Mahmoud
youssefamrsalah,Youssef Amr Salah
muhammadfathimostafa,Muhammad Fathi Mostafa
tarekkhaledtaha,Tarek Khaled Taha
abdelhamedfathi,Abdel Hamed Fathi
salemwaeltaha,Salem Wael Taha
tamerhamedsami,Tamer Hamed Sami
faisalhusseinfathi,Faisal Hussein Fathi
husseinhassanfahmy,Hussein Hassan Fahmy
osamafahadrami,Osama Fahad Rami
ehabhamedsami,Ehab Hamed Sami
ziadibrahimmohsen,Ziad Ibrahim Mohsen
bilalhamedfahmy,Bilal Hamed Fahmy
fathiyoussefali,Fathi Youssef Ali
kareemramiashraf,Kareem Rami Ashraf
salemsaadismail,Salem Saad Ismail
mohamedtarekfathi,Mohamed Tarek Fathi
ahmadamrmahmoud,Ahmad Amr Mahmoud
alihusseinomar,Ali Hussein Omar
hamedismailsalah,Hamed Ismail Salah
fahadziadtamer,Fahad Ziad Tamer
muhammadtamernasser,Muhammad Tamer Nasser
fathiomarmohsen,Fathi Omar Mohsen
fathiabdullahfathi,Fathi Abdullah Fathi
mustafaziadashraf,Mustafa Ziad Ashraf
mansourmansourismail,Mansour Mansour Ismail
mohamedamrhussein,Mohamed Amr Hussein
tahakhaledhamed,Taha Khaled Hamed
mansourmansourhussein,Mansour Mansour Hussein
tarekhamedfahmy,Tarek Hamed Fahmy
husseinwaelomar,Hussein Wael Omar
ahmedamrwael,Ahmed Amr Wael
tahaadelomar,Taha Adel Omar
amrramisalah,Amr Rami Salah
ziadhusseinmansour,Ziad Hussein Mansour
ahmadhassanmahmoud,Ahmad Hassan Mahmoud
ismailtarekhamed,Ismail Tarek Hamed
osamaismailfahmy,Osama Ismail Fahmy
omarramiomar,Omar Rami Omar
ibrahimyousseffahmy,Ibrahim Youssef Fahmy
khaledhamedhassan,Khaled Hamed Hassan
hamedadelhamed,Hamed Adel Hamed
abdelhamzafathi,Abdel Hamza Fathi
ashrafhassanrami,Ashraf Hassan Rami
hassanrashadanwar,Hassan Rashad Anwar
fathiamrmansour,Fathi Amr Mansour
anasibrahimwael,Anas Ibrahim Wael
hamednassermahmoud,Hamed Nasser Mahmoud
alinassersalem,Ali Nasser Salem
osamayoussefabdullah,Osama Youssef Abdullah
kareemhusseinyoussef,Kareem Hussein Youssef
muhammadismailfahmy,Muhammad Ismail Fahmy
abdulrashadnasser,Abdul Rashad Nasser
yasinhamzahamed,Yasin Hamza Hamed
amribrahimmansour,Amr Ibrahim Mansour
nassertamernasser,Nasser Tamer Nasser
yasinkareemwael,Yasin Kareem Wael
husseinkhaledfathi,Hussein Khaled Fathi
hamednaserehab,Hamed Naser Ehab
ehabyousseffathi,Ehab Youssef Fathi
tameryousseffathi,Tamer Youssef Fathi
muhammadhassanmahmoud,Muhammad Hassan Mahmoud
saminaserrami,Sami Naser Rami
nasserbilaladel,Nasser Bilal Adel
nasserfathirami,Nasser Fathi Rami
mahmoudhamzaomar,Mahmoud Hamza Omar
salemmansouranwar,Salem Mansour Anwar
ismailtareknasser,Ismail Tarek Nasser
fathimohsenfathi,Fathi Mohsen Fathi
samimahmoudadel,Sami Mahmoud Adel
ahmadmustafayoussef,Ahmad Mustafa Youssef
anasmohsensalem,Anas Mohsen Salem
ziadmohsenfahmy,Ziad Mohsen Fahmy
hassansaadtamer,Hassan Saad Tamer
mahmoudtarekanwar,Mahmoud Tarek Anwar
abdulhamzafathi,Abdul Hamza Fathi
tarekismailhamed,Tarek Ismail Hamed
amrmohsenfathi,Amr Mohsen Fathi
adelbilalhussein,Adel Bilal Hussein
khaledamribrahim,Khaled Amr Ibrahim
ahmadkareemashraf,Ahmad Kareem Ashraf
saidnabilnasser,Said Nabil Nasser
faisalmohsenehab,Faisal Mohsen Ehab
osamanabiltamer,Osama Nabil Tamer
mohamedadelfahmy,Mohamed Adel Fahmy
nabilmansourali,Nabil Mansour Ali
nabilnabilabdullah,Nabil Nabil Abdullah
nasserbilalsami,Nasser Bilal Sami
adelabdullahsami,Adel Abdullah Sami
ismailsaminasser,Ismail Sami Nasser
ahmedamrmansour,Ahmed Amr Mansour
nassermohsenhassan,Nasser Mohsen Hassan
nasserfahadtaha,Nasser Fahad Taha
muhammadhamzafathi,Muhammad Hamza Fathi
amrsaadismail,Amr Saad Ismail
mustafawaelfathi,Mustafa Wael Fathi
yasinkareemmohsen,Yasin Kareem Mohsen
adelyoussefali,Adel Youssef Ali
ismailramimohsen,Ismail Rami Mohsen
shadyfahadsami,Shady Fahad Sami
abdelwaelnasser,Abdel Wael Nasser
mahmoudomaromar,Mahmoud Omar Omar
salemsamisami,Salem Sami Sami
mahmoudhassansami,Mahmoud Hassan Sami
anasbilalfahmy,Anas Bilal Fahmy
yasinyoussefamr,Yasin Youssef Amr
ahmedamranwar,Ahmed Amr Anwar
osamatamersalem,Osama Tamer Salem
nabilnassermostafa,Nabil Nasser Mostafa
kareemsaadashraf,Kareem Saad Ashraf
ramiismailmostafa,Rami Ismail Mostafa
mustafayousseffahmy,Mustafa Youssef Fahmy
osamawaelsami,Osama Wael Sami
abdelmahmoudehab,Abdel Mahmoud Ehab
mansouromarsami,Mansour Omar Sami
waeltamerismail,Wael Tamer Ismail
salemsaadfahmy,Salem Saad Fahmy
hamedsalahismail,Hamed Salah Ismail
waelbilalibrahim,Wael Bilal Ibrahim
abdeltahahussein,Abdel Taha Hussein
ahmedziadadel,Ahmed Ziad Adel
kareemhusseinhussein,Kareem Hussein Hussein
samisaadwael,Sami Saad Wael
anasfahadfathi,Anas Fahad Fathi
samiismailhassan,Sami Ismail Hassan
waelmansourmahmoud,Wael Mansour Mahmoud
tarektameribrahim,Tarek Tamer Ibrahim
yasinmansourabdullah,Yasin Mansour Abdullah
nabilsamimostafa,Nabil Sami Mostafa
omarhamzanasser,Omar Hamza Nasser
youssefamrmohsen,Youssef Amr Mohsen
ehabmustafaabdullah,Ehab Mustafa Abdullah
omarmahmoudtamer,Omar Mahmoud Tamer
ramifahadtamer,Rami Fahad Tamer
abdeltamersami,Abdel Tamer Sami
mustafakhalednasser,Mustafa Khaled Nasser
abdultamersami,Abdul Tamer Sami
ziadtameranwar,Ziad Tamer Anwar
yasinhamedehab,Yasin Hamed Ehab
ehabsaadomar,Ehab Saad Omar
fathiziadfahmy,Fathi Ziad Fahmy
mansourfathihussein,Mansour Fathi Hussein
ismailmahmoudnasr,Ismail Mahmoud Nasr
adelfahadmostafa,Adel Fahad Mostafa
tamersamimostafa,Tamer Sami Mostafa
adelhamedhamed,Adel Hamed Hamed
salemhamedfathi,Salem Hamed Fathi
waelomartamer,Wael Omar Tamer
salemyousseffahmy,Salem Youssef Fahmy
alitamerehab,Ali Tamer Ehab
osamaismailsalem,Osama Ismail Salem
hassankhaledhassan,Hassan Khaled Hassan
amromarnasr,Amr Omar Nasr
abdulsamiamr,Abdul Sami Amr
ismailyoussefsalem,Ismail Youssef Salem
ismailfahadomar,Ismail Fahad Omar
tahanasermohsen,Taha Naser Mohsen
ziadkhaledashraf,Ziad Khaled Ashraf
tarekfathinasser,Tarek Fathi Nasser
hamedtameribrahim,Hamed Tamer Ibrahim
muhammadsalahrami,Muhammad Salah Rami
nassermohsenyoussef,Nasser Mohsen Youssef
youssefhamzahussein,Youssef Hamza Hussein
adelnasserismail,Adel Nasser Ismail
shadyfathisalah,Shady Fathi Salah
ramimohsenwael,Rami Mohsen Wael
mahmoudtahasalah,Mahmoud Taha Salah
husseinmahmoudismail,Hussein Mahmoud Ismail
salemmahmoudsalem,Salem Mahmoud Salem
bilalbilalehab,Bilal Bilal Ehab
ismailhamedfathi,Ismail Hamed Fathi
ismailomarmostafa,Ismail Omar Mostafa
waeltamerrami,Wael Tamer Rami
ashraftarekrami,Ashraf Tarek Rami
fahadamrmahmoud,Fahad Amr Mahmoud
anasziadsalem,Anas Ziad Salem
faisalmansourmohsen,Faisal Mansour Mohsen
ahmadsaadyoussef,Ahmad Saad Youssef
yasinmohsenyoussef,Yasin Mohsen Youssef
fathiadeltaha,Fathi Adel Taha
ashrafmohsenmostafa,Ashraf Mohsen Mostafa
mohamedbilalmostafa,Mohamed Bilal Mostafa
tarekfathiismail,Tarek Fathi Ismail
saidtahaashraf,Said Taha Ashraf
ehabhamzataha,Ehab Hamza Taha
nasserhusseinashraf,Nasser Hussein Ashraf
mohamednaserhussein,Mohamed Naser Hussein
fathisalahsami,Fathi Salah Sami
ehabfathiamr,Ehab Fathi Amr
mohamedhassanfahmy,Mohamed Hassan Fahmy
tarekwaelabdullah,Tarek Wael Abdullah
muhammadyoussefadel,Muhammad Youssef Adel
mustafaabdullahamr,Mustafa Abdullah Amr
khaledkareemanwar,Khaled Kareem Anwar
ziadtarekfathi,Ziad Tarek Fathi
samifathimansour,Sami Fathi Mansour
hassankhaledfathi,Hassan Khaled Fathi
fathimahmoudtamer,Fathi Mahmoud Tamer
samifahadali,Sami Fahad Ali
salemrashadmansour,Salem Rashad Mansour
samitahahamed,Sami Taha Hamed
ramiadelwael,Rami Adel Wael
alinasseromar,Ali Nasser Omar
husseinwaelashraf,Hussein Wael Ashraf
samimohsenibrahim,Sami Mohsen Ibrahim
abdelmustafatamer,Abdel Mustafa Tamer
khaledtamersalah,Khaled Tamer Salah
fathihamedtaha,Fathi Hamed Taha
nabilhamzataha,Nabil Hamza Taha
shadysalahmansour,Shady Salah Mansour
amradelmansour,Amr Adel Mansour
salemtareksalem,Salem Tarek Salem
ahmadsamiomar,Ahmad Sami Omar
waeltahasalah,Wael Taha Salah
shadywaeladel,Shady Wael Adel
mustafahamedhassan,Mustafa Hamed Hassan
nassersaadtamer,Nasser Saad Tamer
hamedsaadismail,Hamed Saad Ismail
ahmedibrahimibrahim,Ahmed Ibrahim Ibrahim
mohamedmohsenamr,Mohamed Mohsen Amr
ismailismailhussein,Ismail Ismail Hussein
ashrafabdullahrami,Ashraf Abdullah Rami
nabilhamedsalem,Nabil Hamed Salem
salemhassanashraf,Salem Hassan Ashraf
anashamzafathi,Anas Hamza Fathi
faisalfathihamed,Faisal Fathi Hamed
hassankareemali,Hassan Kareem Ali
mustafahamzaali,Mustafa Hamza Ali
amrismailrami,Amr Ismail Rami
abdulyoussefsalah,Abdul Youssef Salah
saidhamzaadel,Said Hamza Adel
osamatarekhamed,Osama Tarek Hamed
raminassersalem,Rami Nasser Salem
ashraframimostafa,Ashraf Rami Mostafa
mahmoudhassanhamed,Mahmoud Hassan Hamed
youssefbilalibrahim,Youssef Bilal Ibrahim
mohamedmahmoudali,Mohamed Mahmoud Ali
yasintarekhassan,Yasin Tarek Hassan
tahabilalmansour,Taha Bilal Mansour
mahmoudmohsenfahmy,Mahmoud Mohsen Fahmy
omarziadmohsen,Omar Ziad Mohsen
yasinziadehab,Yasin Ziad Ehab
abdeltamerfahmy,Abdel Tamer Fahmy
mohamedmahmoudismail,Mohamed Mahmoud Ismail
hamedsamiali,Hamed Sami Ali
ibrahimadelehab,Ibrahim Adel Ehab
mansourhassantamer,Mansour Hassan Tamer
osamahamedmohsen,Osama Hamed Mohsen
youssefyoussefmansour,Youssef Youssef Mansour
anasnasserhassan,Anas Nasser Hassan
osamatahayoussef,Osama Taha Youssef
yousseftahafathi,Youssef Taha Fathi
nabilfahadfathi,Nabil Fahad Fathi
tarektameromar,Tarek Tamer Omar
tahahassanhussein,Taha Hassan Hussein
mansourhamedsalah,Mansour Hamed Salah
alitaharami,Ali Taha Rami
omarnaserashraf,Omar Naser Ashraf
husseinnasserali,Hussein Nasser Ali
fathisamiali,Fathi Sami Ali
waelhamedashraf,Wael Hamed Ashraf
ehabkhaledhamed,Ehab Khaled Hamed
fathihusseinrami,Fathi Hussein Rami
adelamrali,Adel Amr Ali
nasserfathiyoussef,Nasser Fathi Youssef
shadytareksalem,Shady Tarek Salem
nabiltahayoussef,Nabil Taha Youssef
ashrafmahmoudfathi,Ashraf Mahmoud Fathi
mahmoudwaelnasser,Mahmoud Wael Nasser
tahaabdullahsalem,Taha Abdullah Salem
muhammadhassanabdullah,Muhammad Hassan Abdullah
adelfahadhamed,Adel Fahad Hamed
hassannasermostafa,Hassan Naser Mostafa
ismailyoussefhamed,Ismail Youssef Hamed
youssefhassanomar,Youssef Hassan Omar
ramihamedhamed,Rami Hamed Hamed
yasintamerhussein,Yasin Tamer Hussein
osamarashadhussein,Osama Rashad Hussein
nabilbilalomar,Nabil Bilal Omar
faisalwaelismail,Faisal Wael Ismail
yasinamrhamed,Yasin Amr Hamed
faisalramimahmoud,Faisal Rami Mahmoud
amradelsami,Amr Adel Sami
osamahamedehab,Osama Hamed Ehab
alinaserali,Ali Naser Ali
amrziadashraf,Amr Ziad Ashraf
nassernasserehab,Nasser Nasser Ehab
saidadelmostafa,Said Adel Mostafa
faisaltarekadel,Faisal Tarek Adel
ramiwaelehab,Rami Wael Ehab
husseinhamedmansour,Hussein Hamed Mansour
ismailsalahsami,Ismail Salah Sami
abdulwaelmohsen,Abdul Wael Mohsen
mohamedhamedsalah,Mohamed Hamed Salah
ibrahimhassansami,Ibrahim Hassan Sami
ehabkhaledsami,Ehab Khaled Sami
kareemhamzaanwar,Kareem Hamza Anwar
fathiomarismail,Fathi Omar Ismail
mustafaismailfathi,Mustafa Ismail Fathi
ismailibrahimmostafa,Ismail Ibrahim Mostafa
yasinkhaledhassan,Yasin Khaled Hassan
samifathiadel,Sami Fathi Adel
muhammadnasseryoussef,Muhammad Nasser Youssef
mahmoudismailnasr,Mahmoud Ismail Nasr
alikareemnasser,Ali Kareem Nasser
abdelabdullahamr,Abdel Abdullah Amr
alimustafahamed,Ali Mustafa Hamed
tahamansournasr,Taha Mansour Nasr
mustafabilalmohsen,Mustafa Bilal Mohsen
amrmustafafathi,Amr Mustafa Fathi
mohamedomarali,Mohamed Omar Ali
ismailmansourismail,Ismail Mansour Ismail
adelabdullahtaha,Adel Abdullah Taha
osamatamerfathi,Osama Tamer Fathi
waelmohsenabdullah,Wael Mohsen Abdullah
kareemtarekehab,Kareem Tarek Ehab
mustafaomarali,Mustafa Omar Ali
abdelhamzaabdullah,Abdel Hamza Abdullah
saminabilnasr,Sami Nabil Nasr
yasintahamansour,Yasin Taha Mansour
shadyhamzaadel,Shady Hamza Adel
alikareemabdullah,Ali Kareem Abdullah
muhammadmansourfahmy,Muhammad Mansour Fahmy
mustafarashadsami,Mustafa Rashad Sami
tarekmustafaamr,Tarek Mustafa Amr
mustafahassanmahmoud,Mustafa Hassan Mahmoud
tameribrahimyoussef,Tamer Ibrahim Youssef
yasinramimansour,Yasin Rami Mansour
ibrahimtahanasr,Ibrahim Taha Nasr
fahadbilalfahmy,Fahad Bilal Fahmy
bilalhamzaomar,Bilal Hamza Omar
tahahamedsami,Taha Hamed Sami
tahanasserwael,Taha Nasser Wael
nabilrashadwael,Nabil Rashad Wael
husseinramihamed,Hussein Rami Hamed
samimansouribrahim,Sami Mansour Ibrahim
khaledsaadfathi,Khaled Saad Fathi
ahmedmohsenhussein,Ahmed Mohsen Hussein
amrtahanasser,Amr Taha Nasser
hamedkareemwael,Hamed Kareem Wael
shadyfathianwar,Shady Fathi Anwar
kareemtamermansour,Kareem Tamer Mansour
ramiziadsalah,Rami Ziad Salah
ahmadmohsenrami,Ahmad Mohsen Rami
nabilabdullahfathi,Nabil Abdullah Fathi
ismailyoussefmohsen,Ismail Youssef Mohsen
tarekhamzarami,Tarek Hamza Rami
mustafasaadhamed,Mustafa Saad Hamed
waelsamiadel,Wael Sami Adel
bilalmansourehab,Bilal Mansour Ehab
tarekadelehab,Tarek Adel Ehab
ahmedfathiehab,Ahmed Fathi Ehab
samifathimohsen,Sami Fathi Mohsen
hamedkareemtaha,Hamed Kareem Taha
abdulnasserhussein,Abdul Nasser Hussein
husseintareknasser,Hussein Tarek Nasser
youssefyoussefehab,Youssef Youssef Ehab
yasinnassermansour,Yasin Nasser Mansour
ramirashadwael,Rami Rashad Wael
tarekhusseinfahmy,Tarek Hussein Fahmy
mahmoudsaadashraf,Mahmoud Saad Ashraf
adelhamedyoussef,Adel Hamed Youssef
abdulbilalmahmoud,Abdul Bilal Mahmoud
tamerrashadibrahim,Tamer Rashad Ibrahim
kareemtahasalem,Kareem Taha Salem
salemabdullahrami,Salem Abdullah Rami
hassantameramr,Hassan Tamer Amr
tamersalahibrahim,Tamer Salah Ibrahim
waelfathihamed,Wael Fathi Hamed
adelsalahfathi,Adel Salah Fathi
aliwaelhussein,Ali Wael Hussein
osamatameradel,Osama Tamer Adel
adelkareemhassan,Adel Kareem Hassan
tamerfathianwar,Tamer Fathi Anwar
saidkhaledmansour,Said Khaled Mansour
shadyziadwael,Shady Ziad Wael
ehabbilalali,Ehab Bilal Ali
ahmedadelali,Ahmed Adel Ali
omarhassantaha,Omar Hassan Taha
mohamednabilhussein,Mohamed Nabil Hussein
hassansaadismail,Hassan Saad Ismail
ramiramianwar,Rami Rami Anwar
amrfathihussein,Amr Fathi Hussein
anasyoussefmohsen,Anas Youssef Mohsen
shadyhusseinfahmy,Shady Hussein Fahmy
nasserhusseintaha,Nasser Hussein Taha
husseinmohsenali,Hussein Mohsen Ali
abdulhamedfathi,Abdul Hamed Fathi
ibrahimmahmoudfahmy,Ibrahim Mahmoud Fahmy
youssefziadsalah,Youssef Ziad Salah
ashraftahahassan,Ashraf Taha Hassan
samihamedhussein,Sami Hamed Hussein
omaribrahimmohsen,Omar Ibrahim Mohsen
kareemadelali,Kareem Adel Ali
osamasaadrami,Osama Saad Rami
saidhassanali,Said Hassan Ali
anaskhaledrami,Anas Khaled Rami
abdulomaribrahim,Abdul Omar Ibrahim
tahaomaradel,Taha Omar Adel
amrmansourhassan,Amr Mansour Hassan
samiwaelmahmoud,Sami Wael Mahmoud
samimansoursami,Sami Mansour Sami
tarekkhaledali,Tarek Khaled Ali
ramifathirami,Rami Fathi Rami
omarnaseromar,Omar Naser Omar
anasomaryoussef,Anas Omar Youssef
ziadsalahmohsen,Ziad Salah Mohsen
nasseradelnasser,Nasser Adel Nasser
saidfathiamr,Said Fathi Amr
omarramifahmy,Omar Rami Fahmy
adeladelfathi,Adel Adel Fathi
anasyousseftaha,Anas Youssef Taha
tahabilalismail,Taha Bilal Ismail
tahafathiwael,Taha Fathi Wael
ahmadomarmohsen,Ahmad Omar Mohsen
samihusseinfahmy,Sami Hussein Fahmy
tamerfahadashraf,Tamer Fahad Ashraf
tamerbilalanwar,Tamer Bilal Anwar
amrnasserabdullah,Amr Nasser Abdullah
nassermansourtaha,Nasser Mansour Taha
ziadmohsenfathi,Ziad Mohsen Fathi
ahmadadelfahmy,Ahmad Adel Fahmy
kareemfathiali,Kareem Fathi Ali
hamedmahmoudfathi,Hamed Mahmoud Fathi
khaledomaribrahim,Khaled Omar Ibrahim
yasintarekmahmoud,Yasin Tarek Mahmoud
tarektarekibrahim,Tarek Tarek Ibrahim
saidmahmoudrami,Said Mahmoud Rami
ibrahimfathirami,Ibrahim Fathi Rami
ziadnabilhamed,Ziad Nabil Hamed
salemtamerfathi,Salem Tamer Fathi
hassanmohsenrami,Hassan Mohsen Rami
tarekmahmoudsalem,Tarek Mahmoud Salem
hassanhamedtamer,Hassan Hamed Tamer
faisalhamzarami,Faisal Hamza Rami
mahmoudnaseribrahim,Mahmoud Naser Ibrahim
nassertamersalem,Nasser Tamer Salem
ahmadkareemanwar,Ahmad Kareem Anwar
ahmedrashadehab,Ahmed Rashad Ehab
mansouromarfathi,Mansour Omar Fathi
husseinziadismail,Hussein Ziad Ismail
salemhamzayoussef,Salem Hamza Youssef
fathisalahfathi,Fathi Salah Fathi
abdultahafahmy,Abdul Taha Fahmy
nabilbilalfahmy,Nabil Bilal Fahmy
bilalhusseinabdullah,Bilal Hussein Abdullah
amrramiehab,Amr Rami Ehab
mustafamustafaibrahim,Mustafa Mustafa Ibrahim
ehabhusseinhussein,Ehab Hussein Hussein
waelwaelhamed,Wael Wael Hamed
salemomarsalah,Salem Omar Salah
bilalsaadsami,Bilal Saad Sami
salemsaadhamed,Salem Saad Hamed
saidnasertamer,Said Naser Tamer
khaledtamermohsen,Khaled Tamer Mohsen
fathifahadfathi,Fathi Fahad Fathi
ahmadabdullahehab,Ahmad Abdullah Ehab
bilalyousseframi,Bilal Youssef Rami
ziadziadismail,Ziad Ziad Ismail
fahadabdullahrami,Fahad Abdullah Rami
faisalismailnasser,Faisal Ismail Nasser
tahaibrahimfahmy,Taha Ibrahim Fahmy
muhammadsaadrami,Muhammad Saad Rami
yasinkareemmostafa,Yasin Kareem Mostafa
tamerhamedmostafa,Tamer Hamed Mostafa
shadyomaryoussef,Shady Omar Youssef
hassansamiali,Hassan Sami Ali
ahmadmustafasalah,Ahmad Mustafa Salah
adelfathihussein,Adel Fathi Hussein
osamaramiyoussef,Osama Rami Youssef
anassalahrami,Anas Salah Rami
hamedadelamr,Hamed Adel Amr
osamahusseinhamed,Osama Hussein Hamed
youssefhusseinsalem,Youssef Hussein Salem
nasserhamzaali,Nasser Hamza Ali
ahmadfahadtamer,Ahmad Fahad Tamer
abdulhassantaha,Abdul Hassan Taha
ibrahimamrfathi,Ibrahim Amr Fathi
nabilsalahmansour,Nabil Salah Mansour
abdulmustafasami,Abdul Mustafa Sami
abdulmahmoudmahmoud,Abdul Mahmoud Mahmoud
ehabkareemsalah,Ehab Kareem Salah
nasserismailamr,Nasser Ismail Amr
nasserbilaltaha,Nasser Bilal Taha
fathihusseinamr,Fathi Hussein Amr
samikhalednasser,Sami Khaled Nasser
waelhusseinnasr,Wael Hussein Nasr
osamahusseinadel,Osama Hussein Adel
hamedhusseinanwar,Hamed Hussein Anwar
ibrahimtareksalah,Ibrahim Tarek Salah
alikareemtamer,Ali Kareem Tamer
abdulziadyoussef,Abdul Ziad Youssef
ahmadtamerehab,Ahmad Tamer Ehab
saidrashadsalah,Said Rashad Salah
nabilsamiadel,Nabil Sami Adel
ahmednassertamer,Ahmed Nasser Tamer
hamedwaelomar,Hamed Wael Omar
muhammadomarnasr,Muhammad Omar Nasr
yasinhassannasr,Yasin Hassan Nasr
fahadnassernasser,Fahad Nasser Nasser
saidziadehab,Said Ziad Ehab
yasinnabilibrahim,Yasin Nabil Ibrahim
tahafathifathi,Taha Fathi Fathi
mahmoudnasserfathi,Mahmoud Nasser Fathi
salemibrahimmostafa,Salem Ibrahim Mostafa
salemziadamr,Salem Ziad Amr
hassankareemfathi,Hassan Kareem Fathi
nassertamernasr,Nasser Tamer Nasr
ismailnabilnasser,Ismail Nabil Nasser
abdulismailmahmoud,Abdul Ismail Mahmoud
adelmahmoudnasr,Adel Mahmoud Nasr
hamedmahmoudomar,Hamed Mahmoud Omar
mohamedmustafaanwar,Mohamed Mustafa Anwar
fahadkareemibrahim,Fahad Kareem Ibrahim
tahasaadsami,Taha Saad Sami
fathifathifathi,Fathi Fathi Fathi
mohamedkareemrami,Mohamed Kareem Rami
hamedadelanwar,Hamed Adel Anwar
bilalmahmoudashraf,Bilal Mahmoud Ashraf
husseintamerabdullah,Hussein Tamer Abdullah
ramifathiadel,Rami Fathi Adel
mansourmansoursalem,Mansour Mansour Salem
ahmadtamerismail,Ahmad Tamer Ismail
khalednassersalah,Khaled Nasser Salah
nassernabilomar,Nasser Nabil Omar
alifahadashraf,Ali Fahad Ashraf
ismailrashadehab,Ismail Rashad Ehab
ehabmahmoudomar,Ehab Mahmoud Omar
yasintahaashraf,Yasin Taha Ashraf
ismailismailrami,Ismail Ismail Rami
osamayousseframi,Osama Youssef Rami
ehabnaseromar,Ehab Naser Omar
fathifahadsami,Fathi Fahad Sami
fahadmohsenyoussef,Fahad Mohsen Youssef
ismailtahaali,Ismail Taha Ali
mohamedfathinasser,Mohamed Fathi Nasser
ramiamrrami,Rami Amr Rami
anasibrahimibrahim,Anas Ibrahim Ibrahim
alisamisami,Ali Sami Sami
amrhassanibrahim,Amr Hassan Ibrahim
youssefhusseinibrahim,Youssef Hussein Ibrahim
ziadhassanmostafa,Ziad Hassan Mostafa
kareemhamedtaha,Kareem Hamed Taha
mansourkhaledhamed,Mansour Khaled Hamed
ahmedmustafaali,Ahmed Mustafa Ali
samiwaelmohsen,Sami Wael Mohsen
kareemhamedmansour,Kareem Hamed Mansour
abdeladelhamed,Abdel Adel Hamed
abdulibrahimmohsen,Abdul Ibrahim Mohsen
salemnasserhamed,Salem Nasser Hamed
abdelmustafasami,Abdel Mustafa Sami
ashrafnabilsalem,Ashraf Nabil Salem
ashrafmahmoudsami,Ashraf Mahmoud Sami
ismailfathihussein,Ismail Fathi Hussein
youssefsalahhassan,Youssef Salah Hassan
tahakhaledmansour,Taha Khaled Mansour
nabilfathihussein,Nabil Fathi Hussein
aliismailismail,Ali Ismail Ismail
ahmadabdullahfathi,Ahmad Abdullah Fathi
bilalyousseffathi,Bilal Youssef Fathi
alikhaledsalah,Ali Khaled Salah
yasintameryoussef,Yasin Tamer Youssef
yasinhusseinhassan,Yasin Hussein Hassan
ehabramisami,Ehab Rami Sami
hamedhamedibrahim,Hamed Hamed Ibrahim
taharamimansour,Taha Rami Mansour
osamatamersalah,Osama Tamer Salah
tahanabilfathi,Taha Nabil Fathi
waeltahatamer,Wael Taha Tamer
adelibrahimomar,Adel Ibrahim Omar
adelrashadabdullah,Adel Rashad Abdullah
mahmoudyoussefhussein,Mahmoud Youssef Hussein
fahadtarekali,Fahad Tarek Ali
mohamedkareemmansour,Mohamed Kareem Mansour
samikareemismail,Sami Kareem Ismail
shadyismailmohsen,Shady Ismail Mohsen
mohamedkareemwael,Mohamed Kareem Wael
ramibilalfahmy,Rami Bilal Fahmy
yasinfathianwar,Yasin Fathi Anwar
ahmedomarabdullah,Ahmed Omar Abdullah
mohamedtamerrami,Mohamed Tamer Rami
mohamedramihassan,Mohamed Rami Hassan
mustafakhaledyoussef,Mustafa Khaled Youssef
muhammadmansourmahmoud,Muhammad Mansour Mahmoud
hassannasserismail,Hassan Nasser Ismail
amrsamimansour,Amr Sami Mansour
saidmohsenibrahim,Said Mohsen Ibrahim
amrramimahmoud,Amr Rami Mahmoud
waelramihassan,Wael Rami Hassan
ramiomaryoussef,Rami Omar Youssef
ahmadmustafasalem,Ahmad Mustafa Salem
faisalhamzaismail,Faisal Hamza Ismail
ziadsaminasr,Ziad Sami Nasr
ramisalahibrahim,Rami Salah Ibrahim
samiismailomar,Sami Ismail Omar
hassannaserhussein,Hassan Naser Hussein
ismailmustafamahmoud,Ismail Mustafa Mahmoud
omarmahmoudsalem,Omar Mahmoud Salem
nabilfahadrami,Nabil Fahad Rami
shadyramihamed,Shady Rami Hamed
mustafarashadrami,Mustafa Rashad Rami
ehabsalahwael,Ehab Salah Wael
ehabamrwael,Ehab Amr Wael
ahmadkhaledtaha,Ahmad Khaled Taha
abdelmahmoudfathi,Abdel Mahmoud Fathi
kareemabdullahfathi,Kareem Abdullah Fathi
saidtahaali,Said Taha Ali
tamerismailfathi,Tamer Ismail Fathi
fahadyoussefamr,Fahad Youssef Amr
mohamedismailanwar,Mohamed Ismail Anwar
fahadismailnasr,Fahad Ismail Nasr
mustafamansourmahmoud,Mustafa Mansour Mahmoud
ibrahimabdullahsalem,Ibrahim Abdullah Salem
omarismailomar,Omar Ismail Omar
yasinsamihassan,Yasin Sami Hassan
waelramiabdullah,Wael Rami Abdullah
husseinmansouryoussef,Hussein Mansour Youssef
samisamiwael,Sami Sami Wael
amrtahamohsen,Amr Taha Mohsen
ashraftarekali,Ashraf Tarek Ali
ismailibrahimhassan,Ismail Ibrahim Hassan
nasserfathiadel,Nasser Fathi Adel
anaswaelanwar,Anas Wael Anwar
shadynasserhassan,Shady Nasser Hassan
youssefrashadhassan,Youssef Rashad Hassan
husseinmahmoudanwar,Hussein Mahmoud Anwar
mahmoudamrmohsen,Mahmoud Amr Mohsen
hassanabdullahmohsen,Hassan Abdullah Mohsen
kareemismailismail,Kareem Ismail Ismail
osamamustafasami,Osama Mustafa Sami
saidibrahimanwar,Said Ibrahim Anwar
tarekhamedomar,Tarek Hamed Omar
ismailamrhussein,Ismail Amr Hussein
amrtahafathi,Amr Taha Fathi
adelnasserwael,Adel Nasser Wael
mustafanabilsalah,Mustafa Nabil Salah
hamednasertamer,Hamed Naser Tamer
mansourtarekyoussef,Mansour Tarek Youssef
ehabwaelali,Ehab Wael Ali
ehabsaadtaha,Ehab Saad Taha
alisamimansour,Ali Sami Mansour
omarbilalfathi,Omar Bilal Fathi
amrkhaledsami,Amr Khaled Sami
waelramifathi,Wael Rami Fathi
aliyoussefamr,Ali Youssef Amr
faisalabdullahtamer,Faisal Abdullah Tamer
fahadabdullahanwar,Fahad Abdullah Anwar
abdulomarhassan,Abdul Omar Hassan
nabilziadsalem,Nabil Ziad Salem
bilalsalahmansour,Bilal Salah Mansour
nasserismailashraf,Nasser Ismail Ashraf
abdulnassersami,Abdul Nasser Sami
mansouradelibrahim,Mansour Adel Ibrahim
tamerkareemyoussef,Tamer Kareem Youssef
muhammadrashadyoussef,Muhammad Rashad Youssef
yasinyousseftaha,Yasin Youssef Taha
tarekwaelhussein,Tarek Wael Hussein
ibrahimhamedmohsen,Ibrahim Hamed Mohsen
adelnasersami,Adel Naser Sami
khaledmansoursami,Khaled Mansour Sami
khaledibrahimadel,Khaled Ibrahim Adel
kareemyoussefhussein,Kareem Youssef Hussein
abdulkareemmostafa,Abdul Kareem Mostafa
ahmedfahadnasr,Ahmed Fahad Nasr
husseinfathianwar,Hussein Fathi Anwar
waelsaadtamer,Wael Saad Tamer
tarekfathimahmoud,Tarek Fathi Mahmoud
abdelhamedmostafa,Abdel Hamed Mostafa
hamedsamihassan,Hamed Sami Hassan
abdelabdullahehab,Abdel Abdullah Ehab
muhammadfathiismail,Muhammad Fathi Ismail
ashrafhamedfathi,Ashraf Hamed Fathi
nasserrashadamr,Nasser Rashad Amr
nasserkhaledali,Nasser Khaled Ali
ramihusseinashraf,Rami Hussein Ashraf
salemhamzasalem,Salem Hamza Salem
abdulabdullahhamed,Abdul Abdullah Hamed
bilalsalahfathi,Bilal Salah Fathi
ziadhamzaali,Ziad Hamza Ali
tareksaadhassan,Tarek Saad Hassan
osamawaelmansour,Osama Wael Mansour
faisalomarehab,Faisal Omar Ehab
muhammadrashadwael,Muhammad Rashad Wael
yasintareknasr,Yasin Tarek Nasr
faisalramimansour,Faisal Rami Mansour
saidmohsenehab,Said Mohsen Ehab
hassanyoussefhamed,Hassan Youssef Hamed
kareemmohsenmostafa,Kareem Mohsen Mostafa
bilalfathihassan,Bilal Fathi Hassan
tarekomarsami,Tarek Omar Sami
mohamedtamermohsen,Mohamed Tamer Mohsen
ziadkhaledfahmy,Ziad Khaled Fahmy
osamasamiibrahim,Osama Sami Ibrahim
nabilmohsenashraf,Nabil Mohsen Ashraf
muhammadadelanwar,Muhammad Adel Anwar
yasinmahmoudmansour,Yasin Mahmoud Mansour
mahmoudnabilehab,Mahmoud Nabil Ehab
omarnasersami,Omar Naser Sami
tahaadelhussein,Taha Adel Hussein
adelramiismail,Adel Rami Ismail
hamedsaadhamed,Hamed Saad Hamed
nabilmahmoudsalah,Nabil Mahmoud Salah
mansourfathiamr,Mansour Fathi Amr
abdulmustafatamer,Abdul Mustafa Tamer
mansouradelashraf,Mansour Adel Ashraf
kareemfathitaha,Kareem Fathi Taha
mansourmansouryoussef,Mansour Mansour Youssef
mustafahamzawael,Mustafa Hamza Wael
ahmedomarashraf,Ahmed Omar Ashraf
ibrahimibrahimfathi,Ibrahim Ibrahim Fathi
tarekhusseinabdullah,Tarek Hussein Abdullah
hamedsamisalah,Hamed Sami Salah
ahmedtaharami,Ahmed Taha Rami
youssefamrnasser,Youssef Amr Nasser
mohamedhamzafathi,Mohamed Hamza Fathi
fahadtahaabdullah,Fahad Taha Abdullah
fahadkareemsalem,Fahad Kareem Salem
abdelmansouribrahim,Abdel Mansour Ibrahim
hamedadelfahmy,Hamed Adel Fahmy
khaledadelsalah,Khaled Adel Salah
bilalomarehab,Bilal Omar Ehab
faisalziadismail,Faisal Ziad Ismail
muhammadsamisalem,Muhammad Sami Salem
abdulamrfathi,Abdul Amr Fathi
ibrahimtareksalem,Ibrahim Tarek Salem
ziadismailyoussef,Ziad Ismail Youssef
salemkareemtamer,Salem Kareem Tamer
nabilramiamr,Nabil Rami Amr
anassamimahmoud,Anas Sami Mahmoud
tamersalahtamer,Tamer Salah Tamer
yasinibrahimismail,Yasin Ibrahim Ismail
osamarashadibrahim,Osama Rashad Ibrahim
tamermustafaibrahim,Tamer Mustafa Ibrahim
abdulhusseinehab,Abdul Hussein Ehab
samikhaledibrahim,Sami Khaled Ibrahim
hamedomaramr,Hamed Omar Amr
ahmadamrfathi,Ahmad Amr Fathi
waelkareemmansour,Wael Kareem Mansour
tamersaadali,Tamer Saad Ali
shadyfathiibrahim,Shady Fathi Ibrahim
tarekadelwael,Tarek Adel Wael
mansourhamzawael,Mansour Hamza Wael
ahmadabdullahyoussef,Ahmad Abdullah Youssef
tarekrashadadel,Tarek Rashad Adel
waelabdullahnasser,Wael Abdullah Nasser
tareknassermostafa,Tarek Nasser Mostafa
saidhamzamansour,Said Hamza Mansour
saidhamedamr,Said Hamed Amr
khaledmustafaamr,Khaled Mustafa Amr
ibrahimibrahimmostafa,Ibrahim Ibrahim Mostafa
kareemtarektaha,Kareem Tarek Taha
abdulomarmahmoud,Abdul Omar Mahmoud
mohamedyoussefsami,Mohamed Youssef Sami
mohamedibrahimibrahim,Mohamed Ibrahim Ibrahim
hamedadelmostafa,Hamed Adel Mostafa
mansourtarekamr,Mansour Tarek Amr
bilaladelhamed,Bilal Adel Hamed
hamedamrsalah,Hamed Amr Salah
ahmedfathimohsen,Ahmed Fathi Mohsen
mustafahamzarami,Mustafa Hamza Rami
ehabmansourfathi,Ehab Mansour Fathi
nabilmohsentamer,Nabil Mohsen Tamer
ibrahimtarekabdullah,Ibrahim Tarek Abdullah
ramirashadsalem,Rami Rashad Salem
nabilkhaledadel,Nabil Khaled Adel
mansouryoussefamr,Mansour Youssef Amr
alirashadsalah,Ali Rashad Salah
faisalomarsalem,Faisal Omar Salem
adelbilalsalem,Adel Bilal Salem
adelomarmansour,Adel Omar Mansour
nabilbilalrami,Nabil Bilal Rami
mahmoudtarekmansour,Mahmoud Tarek Mansour
tahaadelsalem,Taha Adel Salem
samiyousseftaha,Sami Youssef Taha
nasseramrmansour,Nasser Amr Mansour
samifathisami,Sami Fathi Sami
tahaismailsalah,Taha Ismail Salah
ismailmohsennasr,Ismail Mohsen Nasr
bilalibrahimfahmy,Bilal Ibrahim Fahmy
ahmadfahadyoussef,Ahmad Fahad Youssef
abdelibrahimfathi,Abdel Ibrahim Fathi
bilalwaelali,Bilal Wael Ali
ahmadtahatamer,Ahmad Taha Tamer
ziadabdullahabdullah,Ziad Abdullah Abdullah
abdulibrahimali,Abdul Ibrahim Ali
saidkareemhassan,Said Kareem Hassan
adelomarnasser,Adel Omar Nasser
hassanmohsenamr,Hassan Mohsen Amr
nasserfahadtamer,Nasser Fahad Tamer
bilalomartaha,Bilal Omar Taha
ahmedhusseinnasr,Ahmed Hussein Nasr
amrmansoursalem,Amr Mansour Salem
faisalibrahimfahmy,Faisal Ibrahim Fahmy
fathinabilamr,Fathi Nabil Amr
bilalmansournasser,Bilal Mansour Nasser
ashrafomartaha,Ashraf Omar Taha
yasinmansourmostafa,Yasin Mansour Mostafa
mustafawaelali,Mustafa Wael Ali
tahayoussefanwar,Taha Youssef Anwar
ziadyoussefashraf,Ziad Youssef Ashraf
ahmedtarekanwar,Ahmed Tarek Anwar
ziadbilalsami,Ziad Bilal Sami
alifahadmostafa,Ali Fahad Mostafa
mustafamohsenmansour,Mustafa Mohsen Mansour
faisalmansourali,Faisal Mansour Ali
fathimohsentaha,Fathi Mohsen Taha
mahmoudfathimostafa,Mahmoud Fathi Mostafa
saidhassantamer,Said Hassan Tamer
anastahaehab,Anas Taha Ehab
ahmedtarektaha,Ahmed Tarek Taha
faisalhamzaehab,Faisal Hamza Ehab
omaribrahimibrahim,Omar Ibrahim Ibrahim
mahmoudtarekibrahim,Mahmoud Tarek Ibrahim
abdelbilalfahmy,Abdel Bilal Fahmy
ahmadnasserehab,Ahmad Nasser Ehab
abdulmahmoudsalah,Abdul Mahmoud Salah
osamahamzawael,Osama Hamza Wael
abdelsamifahmy,Abdel Sami Fahmy
muhammadamrali,Muhammad Amr Ali
faisalsaadtaha,Faisal Saad Taha
abdelfathinasr,Abdel Fathi Nasr
ashrafismailanwar,Ashraf Ismail Anwar
shadymahmoudrami,Shady Mahmoud Rami
waeltarekali,Wael Tarek Ali
